{
  "best_epoch": 0,
  "peak_worker_0_memory_MB": 4863.028,
  "peak_gpu_0_memory_MB": 1454,
  "training_duration": "0:03:13.022618",
  "training_start_epoch": 0,
  "training_epochs": 0,
  "epoch": 0,
  "training__coref_precision": 0.0,
  "training__coref_recall": 0.0,
  "training__coref_f1": 0.0,
  "training__coref_mention_recall": 0.0,
  "training__MUC34__ner_precision": 0,
  "training__MUC34__ner_recall": 0,
  "training__MUC34__ner_f1": 0,
  "training__MEAN__ner_precision": 0.0,
  "training__MEAN__ner_recall": 0.0,
  "training__MEAN__ner_f1": 0.0,
  "training__MEAN__relation_precision": 0,
  "training__MEAN__relation_recall": 0,
  "training__MEAN__relation_f1": 0,
  "training__MUC34_trig_id_precision": 0.004113061361136353,
  "training__MUC34_trig_id_recall": 0.08151658767772511,
  "training__MUC34_trig_id_f1": 0.007830996175560007,
  "training__MUC34_trig_class_precision": 0.002152183270362045,
  "training__MUC34_trig_class_recall": 0.04265402843601896,
  "training__MUC34_trig_class_f1": 0.004097614277909306,
  "training__MUC34_arg_id_precision": 0.00042395336512983573,
  "training__MUC34_arg_id_recall": 0.002861230329041488,
  "training__MUC34_arg_id_f1": 0.0007384842610541864,
  "training__MUC34_arg_class_precision": 0.0001589825119236884,
  "training__MUC34_arg_class_recall": 0.001072961373390558,
  "training__MUC34_arg_class_f1": 0.00027693159789531985,
  "training__MEAN__trig_id_precision": 0.004113061361136353,
  "training__MEAN__trig_id_recall": 0.08151658767772511,
  "training__MEAN__trig_id_f1": 0.007830996175560007,
  "training__MEAN__trig_class_precision": 0.002152183270362045,
  "training__MEAN__trig_class_recall": 0.04265402843601896,
  "training_MEAN__trig_class_f1": 0.004097614277909306,
  "training__MEAN__arg_id_precision": 0.00042395336512983573,
  "training__MEAN__arg_id_recall": 0.002861230329041488,
  "training__MEAN__arg_id_f1": 0.0007384842610541864,
  "training__MEAN__arg_class_precision": 0.0001589825119236884,
  "training__MEAN__arg_class_recall": 0.001072961373390558,
  "training_MEAN__arg_class_f1": 0.00027693159789531985,
  "training_loss": 68.47599482667411,
  "training_worker_0_memory_MB": 4863.028,
  "training_gpu_0_memory_MB": 1454,
  "validation__coref_precision": 0.0,
  "validation__coref_recall": 0.0,
  "validation__coref_f1": 0.0,
  "validation__coref_mention_recall": 0.0,
  "validation__MUC34__ner_precision": 0,
  "validation__MUC34__ner_recall": 0,
  "validation__MUC34__ner_f1": 0,
  "validation__MEAN__ner_precision": 0.0,
  "validation__MEAN__ner_recall": 0.0,
  "validation__MEAN__ner_f1": 0.0,
  "validation__MEAN__relation_precision": 0,
  "validation__MEAN__relation_recall": 0,
  "validation__MEAN__relation_f1": 0,
  "validation__MUC34_trig_id_precision": 0.30985915492957744,
  "validation__MUC34_trig_id_recall": 0.12154696132596685,
  "validation__MUC34_trig_id_f1": 0.17460317460317462,
  "validation__MUC34_trig_class_precision": 0.30985915492957744,
  "validation__MUC34_trig_class_recall": 0.12154696132596685,
  "validation__MUC34_trig_class_f1": 0.17460317460317462,
  "validation__MUC34_arg_id_precision": 0,
  "validation__MUC34_arg_id_recall": 0.0,
  "validation__MUC34_arg_id_f1": 0,
  "validation__MUC34_arg_class_precision": 0,
  "validation__MUC34_arg_class_recall": 0.0,
  "validation__MUC34_arg_class_f1": 0,
  "validation__MEAN__trig_id_precision": 0.30985915492957744,
  "validation__MEAN__trig_id_recall": 0.12154696132596685,
  "validation__MEAN__trig_id_f1": 0.17460317460317462,
  "validation__MEAN__trig_class_precision": 0.30985915492957744,
  "validation__MEAN__trig_class_recall": 0.12154696132596685,
  "validation_MEAN__trig_class_f1": 0.17460317460317462,
  "validation__MEAN__arg_id_precision": 0.0,
  "validation__MEAN__arg_id_recall": 0.0,
  "validation__MEAN__arg_id_f1": 0.0,
  "validation__MEAN__arg_class_precision": 0.0,
  "validation__MEAN__arg_class_recall": 0.0,
  "validation_MEAN__arg_class_f1": 0.0,
  "validation_loss": 10.248438264849149,
  "best_validation__coref_precision": 0.0,
  "best_validation__coref_recall": 0.0,
  "best_validation__coref_f1": 0.0,
  "best_validation__coref_mention_recall": 0.0,
  "best_validation__MUC34__ner_precision": 0,
  "best_validation__MUC34__ner_recall": 0,
  "best_validation__MUC34__ner_f1": 0,
  "best_validation__MEAN__ner_precision": 0.0,
  "best_validation__MEAN__ner_recall": 0.0,
  "best_validation__MEAN__ner_f1": 0.0,
  "best_validation__MEAN__relation_precision": 0,
  "best_validation__MEAN__relation_recall": 0,
  "best_validation__MEAN__relation_f1": 0,
  "best_validation__MUC34_trig_id_precision": 0.30985915492957744,
  "best_validation__MUC34_trig_id_recall": 0.12154696132596685,
  "best_validation__MUC34_trig_id_f1": 0.17460317460317462,
  "best_validation__MUC34_trig_class_precision": 0.30985915492957744,
  "best_validation__MUC34_trig_class_recall": 0.12154696132596685,
  "best_validation__MUC34_trig_class_f1": 0.17460317460317462,
  "best_validation__MUC34_arg_id_precision": 0,
  "best_validation__MUC34_arg_id_recall": 0.0,
  "best_validation__MUC34_arg_id_f1": 0,
  "best_validation__MUC34_arg_class_precision": 0,
  "best_validation__MUC34_arg_class_recall": 0.0,
  "best_validation__MUC34_arg_class_f1": 0,
  "best_validation__MEAN__trig_id_precision": 0.30985915492957744,
  "best_validation__MEAN__trig_id_recall": 0.12154696132596685,
  "best_validation__MEAN__trig_id_f1": 0.17460317460317462,
  "best_validation__MEAN__trig_class_precision": 0.30985915492957744,
  "best_validation__MEAN__trig_class_recall": 0.12154696132596685,
  "best_validation_MEAN__trig_class_f1": 0.17460317460317462,
  "best_validation__MEAN__arg_id_precision": 0.0,
  "best_validation__MEAN__arg_id_recall": 0.0,
  "best_validation__MEAN__arg_id_f1": 0.0,
  "best_validation__MEAN__arg_class_precision": 0.0,
  "best_validation__MEAN__arg_class_recall": 0.0,
  "best_validation_MEAN__arg_class_f1": 0.0,
  "best_validation_loss": 10.248438264849149
}