{
  "best_epoch": 0,
  "peak_worker_0_memory_MB": 5168.812,
  "peak_gpu_0_memory_MB": 7866,
  "training_duration": "0:06:23.719655",
  "training_start_epoch": 0,
  "training_epochs": 1,
  "epoch": 1,
  "training__coref_precision": 0.0,
  "training__coref_recall": 0.0,
  "training__coref_f1": 0.0,
  "training__coref_mention_recall": 0.0,
  "training__MUC34__ner_precision": 0,
  "training__MUC34__ner_recall": 0,
  "training__MUC34__ner_f1": 0,
  "training__MEAN__ner_precision": 0.0,
  "training__MEAN__ner_recall": 0.0,
  "training__MEAN__ner_f1": 0.0,
  "training__MEAN__relation_precision": 0,
  "training__MEAN__relation_recall": 0,
  "training__MEAN__relation_f1": 0,
  "training__MUC34_trig_id_precision": 0.4782608695652174,
  "training__MUC34_trig_id_recall": 0.08341232227488152,
  "training__MUC34_trig_id_f1": 0.1420500403551251,
  "training__MUC34_trig_class_precision": 0.45652173913043476,
  "training__MUC34_trig_class_recall": 0.07962085308056872,
  "training__MUC34_trig_class_f1": 0.13559322033898305,
  "training__MUC34_arg_id_precision": 0.3076923076923077,
  "training__MUC34_arg_id_recall": 0.002861230329041488,
  "training__MUC34_arg_id_f1": 0.005669737774627923,
  "training__MUC34_arg_class_precision": 0.3076923076923077,
  "training__MUC34_arg_class_recall": 0.002861230329041488,
  "training__MUC34_arg_class_f1": 0.005669737774627923,
  "training__MEAN__trig_id_precision": 0.4782608695652174,
  "training__MEAN__trig_id_recall": 0.08341232227488152,
  "training__MEAN__trig_id_f1": 0.1420500403551251,
  "training__MEAN__trig_class_precision": 0.45652173913043476,
  "training__MEAN__trig_class_recall": 0.07962085308056872,
  "training_MEAN__trig_class_f1": 0.13559322033898305,
  "training__MEAN__arg_id_precision": 0.3076923076923077,
  "training__MEAN__arg_id_recall": 0.002861230329041488,
  "training__MEAN__arg_id_f1": 0.005669737774627923,
  "training__MEAN__arg_class_precision": 0.3076923076923077,
  "training__MEAN__arg_class_recall": 0.002861230329041488,
  "training_MEAN__arg_class_f1": 0.005669737774627923,
  "training_loss": 8.066694287918851,
  "training_worker_0_memory_MB": 5168.812,
  "training_gpu_0_memory_MB": 7866,
  "validation__coref_precision": 0.0,
  "validation__coref_recall": 0.0,
  "validation__coref_f1": 0.0,
  "validation__coref_mention_recall": 0.0,
  "validation__MUC34__ner_precision": 0,
  "validation__MUC34__ner_recall": 0,
  "validation__MUC34__ner_f1": 0,
  "validation__MEAN__ner_precision": 0.0,
  "validation__MEAN__ner_recall": 0.0,
  "validation__MEAN__ner_f1": 0.0,
  "validation__MEAN__relation_precision": 0,
  "validation__MEAN__relation_recall": 0,
  "validation__MEAN__relation_f1": 0,
  "validation__MUC34_trig_id_precision": 0.7777777777777778,
  "validation__MUC34_trig_id_recall": 0.11602209944751381,
  "validation__MUC34_trig_id_f1": 0.2019230769230769,
  "validation__MUC34_trig_class_precision": 0.7777777777777778,
  "validation__MUC34_trig_class_recall": 0.11602209944751381,
  "validation__MUC34_trig_class_f1": 0.2019230769230769,
  "validation__MUC34_arg_id_precision": 0,
  "validation__MUC34_arg_id_recall": 0.0,
  "validation__MUC34_arg_id_f1": 0,
  "validation__MUC34_arg_class_precision": 0,
  "validation__MUC34_arg_class_recall": 0.0,
  "validation__MUC34_arg_class_f1": 0,
  "validation__MEAN__trig_id_precision": 0.7777777777777778,
  "validation__MEAN__trig_id_recall": 0.11602209944751381,
  "validation__MEAN__trig_id_f1": 0.2019230769230769,
  "validation__MEAN__trig_class_precision": 0.7777777777777778,
  "validation__MEAN__trig_class_recall": 0.11602209944751381,
  "validation_MEAN__trig_class_f1": 0.2019230769230769,
  "validation__MEAN__arg_id_precision": 0.0,
  "validation__MEAN__arg_id_recall": 0.0,
  "validation__MEAN__arg_id_f1": 0.0,
  "validation__MEAN__arg_class_precision": 0.0,
  "validation__MEAN__arg_class_recall": 0.0,
  "validation_MEAN__arg_class_f1": 0.0,
  "validation_loss": 11.191882877494718,
  "best_validation__coref_precision": 0.0,
  "best_validation__coref_recall": 0.0,
  "best_validation__coref_f1": 0.0,
  "best_validation__coref_mention_recall": 0.0,
  "best_validation__MUC34__ner_precision": 0,
  "best_validation__MUC34__ner_recall": 0,
  "best_validation__MUC34__ner_f1": 0,
  "best_validation__MEAN__ner_precision": 0.0,
  "best_validation__MEAN__ner_recall": 0.0,
  "best_validation__MEAN__ner_f1": 0.0,
  "best_validation__MEAN__relation_precision": 0,
  "best_validation__MEAN__relation_recall": 0,
  "best_validation__MEAN__relation_f1": 0,
  "best_validation__MUC34_trig_id_precision": 0.30985915492957744,
  "best_validation__MUC34_trig_id_recall": 0.12154696132596685,
  "best_validation__MUC34_trig_id_f1": 0.17460317460317462,
  "best_validation__MUC34_trig_class_precision": 0.30985915492957744,
  "best_validation__MUC34_trig_class_recall": 0.12154696132596685,
  "best_validation__MUC34_trig_class_f1": 0.17460317460317462,
  "best_validation__MUC34_arg_id_precision": 0,
  "best_validation__MUC34_arg_id_recall": 0.0,
  "best_validation__MUC34_arg_id_f1": 0,
  "best_validation__MUC34_arg_class_precision": 0,
  "best_validation__MUC34_arg_class_recall": 0.0,
  "best_validation__MUC34_arg_class_f1": 0,
  "best_validation__MEAN__trig_id_precision": 0.30985915492957744,
  "best_validation__MEAN__trig_id_recall": 0.12154696132596685,
  "best_validation__MEAN__trig_id_f1": 0.17460317460317462,
  "best_validation__MEAN__trig_class_precision": 0.30985915492957744,
  "best_validation__MEAN__trig_class_recall": 0.12154696132596685,
  "best_validation_MEAN__trig_class_f1": 0.17460317460317462,
  "best_validation__MEAN__arg_id_precision": 0.0,
  "best_validation__MEAN__arg_id_recall": 0.0,
  "best_validation__MEAN__arg_id_f1": 0.0,
  "best_validation__MEAN__arg_class_precision": 0.0,
  "best_validation__MEAN__arg_class_recall": 0.0,
  "best_validation_MEAN__arg_class_f1": 0.0,
  "best_validation_loss": 10.248438264849149
}