{
"num_episodes": 1,
"relation_precision": [
0.21700879765395895,
0.0
],
"relation_recall": [
0.30962343096234307,
0.0
],
"relation_f1": [
0.25517241379310346,
0.0
],
"relation_precision_notype": [
0.21700879765395895,
0.0
],
"relation_recall_notype": [
0.30962343096234307,
0.0
],
"relation_f1_notype": [
0.25517241379310346,
0.0
],
"trigger_precision": [
0.5625,
0.0
],
"trigger_recall": [
0.2983425414364641,
0.0
],
"trigger_f1": [
0.3898916967509025,
0.0
],
"trigger_precision_notype": [
0.5625,
0.0
],
"trigger_recall_notype": [
0.2983425414364641,
0.0
],
"trigger_f1_notype": [
0.3898916967509025,
0.0
]
}