{
"num_episodes": 1,
"relation_precision": [
0.19174041297935104,
0.0
],
"relation_recall": [
0.2995391705069124,
0.0
],
"relation_f1": [
0.2338129496402878,
0.0
],
"relation_precision_notype": [
0.19469026548672566,
0.0
],
"relation_recall_notype": [
0.30414746543778803,
0.0
],
"relation_f1_notype": [
0.23741007194244607,
0.0
],
"trigger_precision": [
0.5480769230769231,
0.0
],
"trigger_recall": [
0.3149171270718232,
0.0
],
"trigger_f1": [
0.4,
0.0
],
"trigger_precision_notype": [
0.5480769230769231,
0.0
],
"trigger_recall_notype": [
0.3149171270718232,
0.0
],
"trigger_f1_notype": [
0.4,
0.0
]
}