{
"num_episodes": 1,
"relation_precision": [
0.7002405291641611,
0.0
],
"relation_recall": [
0.5818136397701724,
0.0
],
"relation_f1": [
0.6355573748123892,
0.0
],
"relation_precision_notype": [
0.6954299458809381,
0.0
],
"relation_recall_notype": [
0.5778166375218586,
0.0
],
"relation_f1_notype": [
0.6311911584117889,
0.0
],
"trigger_precision": [
0.9267059814658803,
0.0
],
"trigger_recall": [
0.766016713091922,
0.0
],
"trigger_f1": [
0.8387342737323674,
0.0
],
"trigger_precision_notype": [
0.9258635214827295,
0.0
],
"trigger_recall_notype": [
0.7653203342618384,
0.0
],
"trigger_f1_notype": [
0.8379717880289744,
0.0
]
}